{
    "rmse": 7.346031795569917,
    "mae": 5.512957471572311,
    "r2": 0.323009439060719
}